model_name,f1_score,precision,recall
distilbert-base-multilingual-cased_finetuned,0.09302325581395349,0.06666666666666667,0.15384615384615385
bert-base-multilingual-cased_finetuned,0.08536585365853658,0.0625,0.1346153846153846
xlm-roberta-base_finetuned,0.014492753623188406,0.011627906976744186,0.019230769230769232
